{"cameraMode":{"drawMode":0,"name":"Shaded","section":"Shading Mode"},"sceneLighting":true,"audioPlay":false,"sceneViewState":{"showFog":true,"showMaterialUpdate":true,"showSkybox":true,"showFlares":true,"showImageEffects":true,"showParticleSystems":true},"in2DMode":false,"pivot":{"x":221.0406951904297,"y":64.58734130859375,"z":277.9736328125},"rotation":{"x":-0.3257621228694916,"y":-0.005917039234191179,"z":0.00208792882040143,"w":-0.9454827904701233},"size":1049.9180908203125,"orthographic":false}