{"cameraMode":{"drawMode":0,"name":"Shaded","section":"Shading Mode"},"sceneLighting":true,"audioPlay":false,"sceneViewState":{"showFog":true,"showMaterialUpdate":true,"showSkybox":true,"showFlares":true,"showImageEffects":true,"showParticleSystems":true},"in2DMode":false,"pivot":{"x":306.4543151855469,"y":18.573789596557618,"z":224.4560546875},"rotation":{"x":-0.15898604691028596,"y":0.41097888350486758,"z":-0.07292701303958893,"w":-0.8947728872299194},"size":3.329209804534912,"orthographic":false}