{"cameraMode":{"drawMode":0,"name":"Shaded","section":"Shading Mode"},"sceneLighting":false,"audioPlay":false,"sceneViewState":{"showFog":true,"showMaterialUpdate":false,"showSkybox":false,"showFlares":true,"showImageEffects":true,"showParticleSystems":true},"in2DMode":false,"pivot":{"x":-0.546906054019928,"y":-0.6842387318611145,"z":2.5656955242156984},"rotation":{"x":0.13432197272777558,"y":-0.0626974105834961,"z":0.008516183122992516,"w":0.9889230728149414},"size":5.5330634117126469,"orthographic":false}