{"cameraMode":{"drawMode":0,"name":"Shaded","section":"Shading Mode"},"sceneLighting":false,"audioPlay":false,"sceneViewState":{"showFog":true,"showMaterialUpdate":false,"showSkybox":false,"showFlares":true,"showImageEffects":true,"showParticleSystems":true},"in2DMode":false,"pivot":{"x":0.0686289370059967,"y":0.8583338260650635,"z":-0.08500170707702637},"rotation":{"x":0.06586702913045883,"y":-0.051181282848119739,"z":0.003382354974746704,"w":0.9965199828147888},"size":4.613193511962891,"orthographic":false}