{"cameraMode":{"drawMode":0,"name":"Shaded","section":"Shading Mode"},"sceneLighting":true,"audioPlay":false,"sceneViewState":{"showFog":true,"showMaterialUpdate":true,"showSkybox":true,"showFlares":true,"showImageEffects":true,"showParticleSystems":true},"in2DMode":false,"pivot":{"x":221.3191375732422,"y":-56.07239532470703,"z":357.5776062011719},"rotation":{"x":-0.24965153634548188,"y":-0.0005389944999478757,"z":0.00016111379954963923,"w":-0.9683859348297119},"size":331.45318603515627,"orthographic":false}