{"cameraMode":{"drawMode":0,"name":"Shaded","section":"Shading Mode"},"sceneLighting":true,"audioPlay":false,"sceneViewState":{"showFog":true,"showMaterialUpdate":true,"showSkybox":true,"showFlares":true,"showImageEffects":true,"showParticleSystems":true},"in2DMode":false,"pivot":{"x":215.42190551757813,"y":-31.40863037109375,"z":148.516845703125},"rotation":{"x":0.4271515905857086,"y":0.001470231101848185,"z":-0.0009648443083278835,"w":0.9042564034461975},"size":132.7669219970703,"orthographic":false}