{"cameraMode":{"drawMode":0,"name":"Shaded","section":"Shading Mode"},"sceneLighting":true,"audioPlay":false,"sceneViewState":{"showFog":true,"showMaterialUpdate":true,"showSkybox":true,"showFlares":true,"showImageEffects":true,"showParticleSystems":true},"in2DMode":false,"pivot":{"x":617.3125,"y":504.551025390625,"z":22.9881591796875},"rotation":{"x":0.10660861432552338,"y":-0.010215317830443383,"z":0.0008897057268768549,"w":0.9943214654922485},"size":346.66015625,"orthographic":false}