{"cameraMode":{"drawMode":0,"name":"Shaded","section":"Shading Mode"},"sceneLighting":false,"audioPlay":false,"sceneViewState":{"showFog":true,"showMaterialUpdate":false,"showSkybox":false,"showFlares":true,"showImageEffects":true,"showParticleSystems":true},"in2DMode":false,"pivot":{"x":-0.9224672317504883,"y":-0.3344475030899048,"z":5.032761096954346},"rotation":{"x":0.06133938208222389,"y":-0.06315362453460694,"z":0.0038883972447365524,"w":0.9961175322532654},"size":5.5330634117126469,"orthographic":false}