{"cameraMode":{"drawMode":0,"name":"Shaded","section":"Shading Mode"},"sceneLighting":true,"audioPlay":false,"sceneViewState":{"showFog":true,"showMaterialUpdate":true,"showSkybox":true,"showFlares":true,"showImageEffects":true,"showParticleSystems":true},"in2DMode":false,"pivot":{"x":895.1873779296875,"y":580.5921630859375,"z":-37.15277099609375},"rotation":{"x":-0.12895731627941132,"y":0.00334379100240767,"z":-0.00021838833345100284,"w":-0.9917182922363281},"size":493.3604431152344,"orthographic":false}