{"cameraMode":{"drawMode":0,"name":"Shaded","section":"Shading Mode"},"sceneLighting":false,"audioPlay":false,"sceneViewState":{"showFog":true,"showMaterialUpdate":false,"showSkybox":false,"showFlares":true,"showImageEffects":true,"showParticleSystems":true},"in2DMode":false,"pivot":{"x":0.32213833928108218,"y":-0.7530540227890015,"z":5.22865104675293},"rotation":{"x":0.1760307103395462,"y":0.023313192650675775,"z":-0.004170638974756002,"w":0.9841100573539734},"size":7.333101272583008,"orthographic":false}